date,Canada,US Large Cap,US Small Cap,Dev ex-NA,Emerging
2003-10-31,0.050444464365579034,0.03840696368347141,0.07146726492244748,0.04967302325211187,0.07614240149423734
2003-11-30,0.00846131368002867,0.01029764017869983,0.03680142028724909,0.02464869808389203,0.018171104168139607
2003-12-31,0.04376328633728632,0.07282226355840082,0.03986120451343478,0.11067886637502244,0.11320134979696972
2004-01-31,0.03714954924643421,0.02692735756395459,0.050644467275595684,0.01835686297733452,0.03140652951813094
2004-02-29,0.03456314073384292,-0.005192377090378009,-0.00917214136812683,0.0040525573142573545,0.020303851106759252
2004-03-31,-0.03164810546288055,0.03286752859765074,0.05673930845308561,0.04747175569077422,0.05248921887568758
2004-04-30,-0.042621046084671654,-0.024861496889914902,-0.06090780815695829,-0.03974819464489854,-0.10346754046331286
2004-05-31,0.021053778887305974,-0.004674923598034009,-0.00038167016262147246,-0.010271399361008626,-0.009995153088220077
2004-06-30,0.02265280927406299,0.016362178591676324,0.04012172461589247,0.03136505277908608,0.007122420888209469
2004-07-31,-0.004851030809264745,-0.04538388304760144,-0.08040021230212913,-0.055680802425784104,-0.049488884573866465
2004-08-31,-0.009325561398853544,-0.036442872000233106,-0.0532891800026033,-0.027339299433564723,-0.004840033747032013
2004-09-30,0.03398317030839082,-0.024951762467476768,0.016845147128256244,-0.01464164550062308,0.03270925924950818
2004-10-31,0.03221121259368109,-0.012150090375698142,-0.004671207100068631,0.009425440420950393,0.0030434791118596483
2004-11-30,0.015703675395082106,0.0563014913376072,0.10432455751651015,0.07278111866148462,0.11189181937054737
2004-12-31,0.020415989138995227,0.06365539920049135,0.057236775197699874,0.08218570633858646,0.08155863215214443
2005-01-31,-0.012237170447760737,-0.027071584481377364,-0.04518184429018135,-0.023699290813679497,-0.010032989294134653
2005-02-28,0.05191695353951431,0.0004742969127640162,-0.003919912893132316,0.017081164543961025,0.07487318820553135
2005-03-31,0.005348169027528993,0.023747689792181115,0.013262266459881822,0.015466946472310505,-0.03966608916423531
2005-04-30,-0.02259142267609926,-0.024724896096208204,-0.06232884892154933,-0.022182024946173606,-0.018503490051116067
2005-05-31,0.03419265220147771,0.008347304900436114,0.040020680665463715,-0.031569280553829016,0.00774486842614075
2005-06-30,0.033020594027064254,0.00028859452163709776,0.039488398875423325,0.013084910998123256,0.03841686268859146
2005-07-31,0.05385926297307697,0.008892387792571066,0.035629896202490796,0.0008331460403854241,0.04635652673523705
2005-08-31,0.026405830065249436,-0.03087724590387697,-0.041303695165572196,0.015823019512247738,-0.008763959823946732
2005-09-30,0.036438584039391486,0.024756809496304655,0.01756177051321517,0.05415542086924119,0.10456749061604897
2005-10-31,-0.05305488876576725,-0.036866215306515016,-0.05231663790761121,-0.044945966310503405,-0.07606099769449459
2005-11-30,0.04244483151571177,0.039745002948261554,0.05327876330426551,0.018987592919595064,0.05359802641099809
2005-12-31,0.039431822579181874,-0.02142160132746207,-0.02640798250703047,0.0312677297971895,0.04032024150142699
2006-01-31,0.06259829915479154,0.02239550764518783,0.08266856630584418,0.05604293217705125,0.14017770531470908
2006-02-28,-0.017169715829637333,0.032706165002255316,0.03009175987508761,0.019639826491050227,-0.012705145442448496
2006-03-31,0.03276781650605898,-0.02694600495168198,0.004245349720369163,-0.004405409376695646,-0.021998919059438293
2006-04-30,0.0060002902492963806,-0.0024103865158341398,-0.011871884625738405,0.032339028992080854,0.04932923053809524
2006-05-31,-0.0320047500728744,-0.017963317774721377,-0.04500137504348356,-0.026162270324020298,-0.10028883127598687
2006-06-30,-0.006284721025960671,0.016909606522327092,0.01384044762084291,0.01364363781507949,0.016428779108526914
2006-07-31,0.018830927999034408,-0.01888765505327139,-0.051177010811404244,-0.015345435059135992,-0.0003778133338001588
2006-08-31,0.022208952600941023,0.03348070531193459,0.04174655342838407,0.037186322691256546,0.027407134721235682
2006-09-30,-0.010199428696146429,0.03141549958623391,0.010741174779967944,0.006526564744777863,-0.004446802102243463
2006-10-31,0.044243836827607685,0.04990888252208836,0.07762842306818585,0.05598912220629715,0.08966806925181126
2006-11-30,0.0435027609868639,0.041235439331368084,0.04557568477712626,0.052306831824488365,0.08203165732782769
2006-12-31,0.016049197460072717,0.02171727355616415,0.011995743059633801,0.04047162044010544,0.06328392172435815
2007-01-31,0.008053717127149307,0.01063543868415362,0.012503528733156966,0.00953004265345303,-0.003206121025453257
2007-02-28,-0.002396916106894076,-0.033442727459077726,-0.02056212739647023,-0.015296440053038762,-0.0460156654971553
2007-03-31,0.012106870989230023,-0.02699412793651146,-0.02871277840573805,-0.010252381552704914,0.01316941345028333
2007-04-30,0.017085875349531765,0.007120343534269713,-0.019939950782037363,0.0005507851580281997,0.00032831981068892624
2007-05-31,0.05352275259483896,0.028509509708831038,0.03825872068842151,0.01826663720354249,0.045147363827789944
2007-06-30,-0.004525752786383008,-0.012491707938039665,-0.012253086800396717,-0.0010551911381392332,0.03902347653732918
2007-07-31,0.0029936855699614906,-0.04102619470320523,-0.07929176329673537,-0.032704506778092,-0.0029604111942297395
2007-08-31,-0.008830039999800587,-0.04787326649774293,-0.039940998668198,-0.06589347139059187,-0.050151512470716364
2007-09-30,0.03169264244513759,-0.009518512223819053,-0.028332826744852713,0.004271516438753009,0.06390734396252218
2007-10-31,0.04044503779602571,0.07105999618662695,0.08682460954829962,0.10163334063718366,0.1821581861348469
2007-11-30,-0.05367073253851584,-0.04142279174952368,-0.07148366210349144,-0.03893439771467844,-0.07908469376963001
2007-12-31,0.010910898402020086,-0.00759408922253435,-0.002764742954518007,-0.026214440428270702,-0.010410102330049575
2008-01-31,-0.04515204218804514,-0.07387934849661149,-0.07869703869260902,-0.09163203094089423,-0.10222862253609655
2008-02-29,0.03359180757591096,0.011959587988711329,0.008346333060611943,0.02817814831090759,0.059521306390536655
2008-03-31,-0.013706279400940158,-0.025664367154459522,-0.023419385466498466,-0.01275374338516777,-0.05377039032092723
2008-04-30,0.05923574192464698,0.03279955750273533,0.03070846159423124,0.03942289491906381,0.07590012050723316
2008-05-31,0.06446168536058372,0.041268170848784536,0.07274048834014368,0.037939729597319394,0.058214905219201585
2008-06-30,-0.020994407224928957,-0.08006960747195901,-0.07172604917376935,-0.08437821449752325,-0.08922346188511354
2008-07-31,-0.05083540784887297,0.028884002667882935,0.0763472598729169,0.00374249064394383,-0.018929789742402114
2008-08-31,0.010026833899579035,0.016409746160000793,0.03672962185675788,-0.04157502517917333,-0.06227581596689191
2008-09-30,-0.12377713686466707,0.026711391945754004,0.04559323241223545,0.0038282712103479,-0.03295757117425124
2008-10-31,-0.17028414645971213,-0.13976527912635917,-0.18548931295388527,-0.18424073835704569,-0.23311694450677278
2008-11-30,-0.06438609444051846,-0.08908514996778027,-0.13769415474347013,-0.08332189857320038,-0.11641695106070749
2008-12-31,-0.016464635225675095,0.02640644684171778,0.06529612711212973,0.10659172549020468,0.12148440210692257
2009-01-31,-0.0345849785382637,-0.056640070746213134,-0.07159959417505823,-0.11337398575016489,-0.06773718536860418
2009-02-28,-0.060975331766881524,-0.11321105043162893,-0.12551104742424524,-0.10966098107168232,-0.06874419724253722
2009-03-31,0.08291896199529392,0.024767300774793277,0.019343292157147918,0.025334183409992495,0.1054753695759072
2009-04-30,0.07552895769214119,0.0037582053413931504,0.05353663149953647,0.018225241978799378,0.055105161666720415
2009-05-31,0.1257026152375833,0.12846729515415323,0.10240257765722638,0.20679078134567597,0.23609087024868614
2009-06-30,-0.006263460722126357,-0.07254681795478801,-0.055105217363865755,-0.08497733308255861,-0.09281528039241282
2009-07-31,0.04237831723796348,0.09004963732736382,0.10740099746881282,0.11622979168613967,0.1261003609364384
2009-08-31,-0.0018205609815314938,0.012769685103493744,0.005339511437103317,0.02067199389765828,-0.036138221087538946
2009-09-30,0.04209355403952997,0.04650471852417404,0.06688884639817849,0.049039412756052725,0.1137109022256837
2009-10-31,-0.04636210083426684,-0.04292961563471487,-0.08750752216875213,-0.04879677178706798,-0.05777524946101398
2009-11-30,0.05907721790494014,0.059995114524986626,0.029678551923902674,0.03763414514207941,0.07688276601647615
2009-12-31,0.01550120726713855,0.034404066730944205,0.09545450446375625,0.022218919234439083,0.048266143606522816
2010-01-31,-0.05929751884022261,-0.05186216097595997,-0.05281982600659885,-0.06594022571158686,-0.09244552655640881
2010-02-28,0.0489596932500882,-0.0033485647854420986,0.009753783399623295,-0.030920027104329728,-0.01632929314083087
2010-03-31,0.039239729250908795,0.06338657192976571,0.08486422655778036,0.06636808384932413,0.08366382136077077
2010-04-30,0.014697353077524733,0.04050807643214127,0.0828411400620026,-0.0040808745353142495,0.022953142859887032
2010-05-31,-0.033983684530695,-0.062245641644946836,-0.058080923556065533,-0.09532637315520376,-0.07699795784442598
2010-06-30,-0.03545187414855522,-0.08145804354453146,-0.10634546468927897,-0.0513111832682519,-0.04488636214579966
2010-07-31,0.0348975569901091,0.1001539994159002,0.09913263059883337,0.1493820021814103,0.14240111106752185
2010-08-31,0.01569778777770181,-0.07037863583680615,-0.09905378445844648,-0.06353541545776886,-0.0581008632558877
2010-09-30,0.033339871990166525,0.08558374468315733,0.12035583270315309,0.0957119124967174,0.11350076424732736
2010-10-31,0.02062452086580735,0.029375647870188315,0.032626726418822694,0.029230426687921973,0.02139634284316716
2010-11-30,0.02075322746707675,-0.019326980338478128,0.014850020476145476,-0.06663192800790452,-0.047820046510849035
2010-12-31,0.037703420048845304,0.06973419539506676,0.08325216803452262,0.08600616961631102,0.07567582610241641
2011-01-31,0.015033836671141332,-0.00191770301344385,-0.02825914043949662,-0.004205003867503332,-0.06211007829987558
2011-02-28,0.04545423998471687,0.0282808208430807,0.048834995534269954,0.02903700319640623,-0.006673708286163316
2011-03-31,-0.004922518046307722,-0.021807424211918947,0.002752334600338635,-0.04528421564243379,0.03959211955230679
2011-04-30,-0.010864109606023686,0.05761484288452601,0.05495610541994389,0.08567162464698574,0.05593469962840247
2011-05-31,-0.008487383106040802,-0.020589509567255915,-0.027252323176515048,-0.03133323370457841,-0.03860278777135562
2011-06-30,-0.03155316884574,-0.034959377508126055,-0.042002630187783274,-0.03028448089397906,-0.027582237980475544
2011-07-31,-0.036629883509388006,0.009923851907329917,-0.004562590425456592,0.006035058997210685,0.019930617769994496
2011-08-31,-0.006518540048200072,0.0017100540448118373,-0.03426417938372084,-0.03281683999247764,-0.038117159253592936
2011-09-30,-0.08335205069489249,-0.10853482452256691,-0.14884849478627826,-0.1455721221016284,-0.2134582689939727
2011-10-31,0.05222070849433624,0.15203092306134813,0.1955130400222349,0.1386605859948753,0.20763191742600062
2011-11-30,-0.004563802503721126,-0.015469224251506875,-0.015191848707627575,-0.03296677544295701,-0.030830670200238663
2011-12-31,-0.0159985150306986,-0.007279207817125211,-0.012483986831916538,-0.038911788560775484,-0.05944390545615175
2012-01-31,0.04452271727874235,0.0372931413178097,0.06215838889861791,0.04355851849497894,0.10027732760582175
2012-02-29,0.014021214645460356,0.0476108922832017,0.02982346835963101,0.052556818615340006,0.05696184358029677
2012-03-31,-0.012580789872362441,0.014778090617142858,0.007584924766363299,-0.012706733384874602,-0.047449541029321085
2012-04-30,-0.007900740043849774,0.04314770431171455,0.03316494436576911,0.028347437338720693,0.03230898816288197
2012-05-31,-0.06257069755079692,-0.07192080568159342,-0.07758348307636365,-0.12265820337663302,-0.11832969893798151
2012-06-30,0.015657938674224825,0.024470935558682516,0.03425616458117431,0.053860495738219605,0.03409188271925223
2012-07-31,0.005418689542574295,0.0029879758164621517,-0.023813906389013706,-0.007944776782186524,-0.00899166073714186
2012-08-31,0.029939818630509984,0.016431209461804652,0.026646695635848427,0.023320742953360396,-0.004354752439728826
2012-09-30,0.030987444727977875,0.04124590596904221,0.04861673927206289,0.043054287845293304,0.06850019220229431
2012-10-31,0.015331750256088794,-0.024592448939126155,-0.028063968051204147,0.004359084612596931,-0.010839580068289223
2012-11-30,-0.016778243017957495,0.007077546972860338,0.006929964084547935,0.029258317703932724,0.016984763222497534
2012-12-31,0.025044289485872673,0.016848108542728113,0.04431651431660355,0.05199900867605067,0.0764130403934884
2013-01-31,0.021763445602584364,0.0734796731831242,0.08490762189628098,0.05927828909232935,0.01821046233335477
2013-02-28,0.016384622541773863,0.006819839785421333,0.004124721820028432,-0.01867340032577236,-0.028569902911468215
2013-03-31,-0.005706894180328215,0.03210640010482191,0.04067643401465548,0.007329508324835032,-0.01577585981428198
2013-04-30,-0.026172202233580855,0.03784978697759622,0.0147274639413284,0.06939055717133069,0.030666539620230582
2013-05-31,0.0223958625373033,0.04542427168446861,0.061469772147688895,-0.009522640503207391,-0.027996409161737845
2013-06-30,-0.03633661908522956,-0.034007521151146025,-0.028951461849108462,-0.04716121070870449,-0.07308508392771407
2013-07-31,0.028064396110395684,0.07625616090335252,0.0984272133579005,0.07784468917732612,0.03692807919119723
2013-08-31,0.019498534211583873,-0.05115139306219141,-0.05276533988495735,-0.04093958908937956,-0.0466380290387397
2013-09-30,0.012321873858165855,0.048252829887072135,0.08203356054750421,0.09560607400121546,0.08932502476418924
2013-10-31,0.048966416757963094,0.06017161445067942,0.03777165003674465,0.046284670508389025,0.05551106394940675
2013-11-30,0.008817455344387826,0.032368669151667806,0.042321505139422344,0.00813127044353279,5.4607512543602965e-05
2013-12-31,0.01643014011934607,0.07516524067141006,0.06917558032610738,0.07079998344323957,0.043732974105398004
2014-01-31,0.004570743005986699,-0.03809373125247206,-0.03060627031971075,-0.054807596984811746,-0.08905789312424206
2014-02-28,0.03943374185843784,0.03865410637743327,0.040912068184104644,0.054345962750479204,0.02699376943136156
2014-03-31,0.011950919068545618,-0.0006467948750968899,-0.016287201764793036,-0.01341995379647154,0.02954105737354129
2014-04-30,0.02177081238563705,-0.002351983301706273,-0.046369262060988126,0.007273119578546261,-0.0015085092983762038
2014-05-31,0.0004731725714126611,0.005732073501272694,-0.009353671927499252,-0.0013957934706407826,0.011937100212296103
2014-06-30,0.03663153769461447,0.043755534181944444,0.07655684246573347,0.032059041726954396,0.04720474892197135
2014-07-31,0.024356305590637062,-0.016481599972442695,-0.06344148082118517,-0.029039771260250036,0.010520394246536391
2014-08-31,0.016150513174576497,0.0668283543677537,0.07589275307697796,0.028175608525215612,0.055368368320968475
2014-09-30,-0.03379182284701099,-0.010756169414212868,-0.05637936674183541,-0.03586192689968348,-0.07483095329224188
2014-10-31,-0.012879311064824761,0.047357355598086626,0.09072785879361889,0.02054566939629998,0.0377852739607889
2014-11-30,0.011649428076731638,0.04096709227770434,0.014263723890238555,0.013767744268725624,-0.002489903500361601
2014-12-31,-0.004597404257850712,0.09424078986890794,0.1287600027772584,0.05322194609476916,0.053542748834465304
2015-01-31,0.009781744311868401,-0.04632306761554139,-0.04941010915162947,-0.01106491433805945,-0.02395677320561862
2015-02-28,0.03828357379039016,0.0698438420259655,0.07314545380565418,0.07711001832837905,0.05756281208975955
2015-03-31,-0.020444640419491567,-0.06656936476061204,-0.03489001188136864,-0.0652231380150089,-0.0658751980530079
2015-04-30,0.020548316575721648,0.04400648297080023,0.007322419576298644,0.07153949732845866,0.10468608201824314
2015-05-31,-0.010738421589569724,0.011779654884646495,0.021277038539849746,0.0008901690389722106,-0.0420636088444275
2015-06-30,-0.029210125003908516,0.026549667837229007,0.056037652222682865,0.015159278904651075,0.017122503307012815
2015-07-31,0.008915839366754108,0.040862088886293835,0.006632259023330311,0.03855022038381839,-0.046357816849636024
2015-08-31,-0.04558103042476136,-0.04811033811616694,-0.05030030639378502,-0.06159372047393574,-0.07589724593875524
2015-09-30,-0.03145456271299485,-0.05049957279039641,-0.07373498545779988,-0.06869327153025151,-0.05615830486731832
2015-10-31,0.014706092674753313,0.10929454281038065,0.07981809762845749,0.08993174353036038,0.08751742310016275
2015-11-30,-0.0014992894239788113,0.041572917906192774,0.07161041754386122,0.029967713173187027,0.011589510090029176
2015-12-31,-0.030660819051632315,-0.009800981719080504,-0.04307377885243879,-0.01588300672636389,-0.030875972799647045
2016-01-31,-0.015608395163665079,-0.07906014872496625,-0.11393998257743021,-0.08428453659105206,-0.07958283855875536
2016-02-29,0.004228252846848024,-0.04289638609164992,-0.04424513605750746,-0.07404630749121477,-0.04993886611597709
2016-03-31,0.045789458356671364,0.03249432835866117,0.044943451799899004,0.03109656128974092,0.09281406259560177
2016-04-30,0.033719018349951835,0.04266175008498818,0.05593582274902009,0.061643365450805065,0.04281370969734932
2016-05-31,0.008763607893727432,0.008922573851878557,0.01427207932361596,-0.008802549725480557,-0.044589355506199135
2016-06-30,-0.00038308051513313846,0.013382107461046289,0.00969664208473131,-0.014560618547376336,0.055913485694328635
2016-07-31,0.038424237004614614,0.03843215135131617,0.06075166069888138,0.0417379332582124,0.055835544260885994
2016-08-31,0.006064328113823292,0.006246964008602474,0.02297423123629172,0.01041110733399453,0.013924927366006035
2016-09-30,0.012658116178997592,0.01901329146448827,0.029896091668713876,0.0325752241449313,0.04461638390015743
2016-10-31,0.012963076762972037,-0.015195761841802602,-0.04389188017044965,-0.0200239924089608,-0.006117071589576972
2016-11-30,0.023878767368140652,0.03759779001576913,0.11144686809438498,-0.017094116331681897,-0.04345675894359147
2016-12-31,0.017528235482940246,-0.00544091486999021,0.0029154770404531405,0.0011786330793699396,-0.02766509541853246
2017-01-31,0.011484155504226878,0.024466793570390166,0.009292859272088894,0.039581072906622605,0.07343922140153047
2017-02-28,0.0008221773262793164,0.05076693303775959,0.030555149720969732,0.023079428731950014,0.028640988175844706
2017-03-31,0.010979585099112565,0.0247730682478704,0.023759988747937166,0.05657004475553662,0.06121109982830242
2017-04-30,0.006081870580130877,-0.0030649754252531913,-0.001518647017240693,0.011066123296557429,0.003927558340146797
2017-05-31,-0.012693767186643834,-0.021843528971543957,-0.05446108155568474,-0.0012888237908244005,-0.008007844728983415
2017-06-30,-0.012329379067148372,-0.034770442268781676,-0.008520338087079637,-0.03804566370977136,-0.03199711544080697
2017-07-31,0.0008917032710156203,0.0341492498567888,0.021958936392509232,0.04020850680841592,0.0723234304992415
2017-08-31,0.0024856867379794423,-0.01472661214823423,-0.029949712890341762,-0.018033138556697303,0.005509469340385875
2017-09-30,0.035793918640229405,0.054610253628393,0.098950571099786,0.058195278034987474,0.033318556260946375
2017-10-31,0.031101834937706574,0.026573016493883328,0.010249733639669856,0.01978221119796597,0.03584156306780928
2017-11-30,0.006660603655307407,0.007169597341970535,0.006041257153324153,-0.015965286731139172,-0.026503644358410017
2017-12-31,0.011730227024426165,-0.006705590370723491,-0.022518134443591187,-0.005370145331702547,0.018308059774254648
2018-01-31,-0.014906481510889358,0.09360875139186597,0.06174475845788874,0.08723857965604465,0.12116775636238697
2018-02-28,-0.02974751262726205,-0.025955258590007135,-0.028054098131621963,-0.0380719374463655,-0.04882406716367749
2018-03-31,-0.0021816534278872313,-0.0326241518192768,0.0067495286680683275,-0.013711524420798038,2.491342655042139e-05
2018-04-30,0.015740882564062808,0.009340640702995229,0.014005167568674981,0.01942647502631223,-0.02413487773090195
2018-05-31,0.033166085149351154,0.05307690539269028,0.09145178612741622,0.008610319845680836,0.0011338596670265044
2018-06-30,0.018883294351031088,-0.011487731009676927,-0.011102267318535364,-0.03270986279970911,-0.06181808603463168
2018-07-31,0.014415018404349444,0.033694689125297606,0.01320569716716613,0.025196326004558234,0.031964580167577195
2018-08-31,-0.008306639594224285,0.026285664693009414,0.03741109341241167,-0.027695420489283418,-0.04292679612683914
2018-09-30,-0.012783677633054324,0.021445750810673347,-0.00819975809056972,0.025209832702970614,0.009528071318197995
2018-10-31,-0.05847959212084719,-0.05767570602059846,-0.09895041270369986,-0.07005710390070774,-0.07640346396742825
2018-11-30,0.023529490892393756,0.045173698353937475,0.043853981457589564,0.03123223638041628,0.07645076358087266
2018-12-31,-0.055482924279130263,-0.12025011192547985,-0.15080482592580502,-0.08691909622930671,-0.06896726764772643
2019-01-31,0.08464403758678607,0.08039455701326848,0.11355748036103241,0.06667381328845057,0.10376618992815922
2019-02-28,0.026809884310270204,0.04828075028225842,0.06795449517402519,0.04112374260724483,-0.00018138897407071752
2019-03-31,0.010878414898639166,0.02631598048509254,-0.013033183634125645,0.01732346060295109,0.019470175252722433
2019-04-30,0.03807963633292566,0.046282952372304065,0.039361990049858075,0.034664096143707024,0.02887281243794204
2019-05-31,-0.030757814819455387,-0.09357858390001828,-0.10786394757678908,-0.08056458885285134,-0.10280254075925999
2019-06-30,0.021549744514343327,0.07394030396292606,0.07420351138624315,0.06342742670630885,0.06640070885533644
2019-07-31,0.00283989132104856,0.02541944263936391,0.01703193764881794,-0.009524982315737729,-0.016690250636732795
2019-08-31,0.004688567010850742,-0.020148886031515323,-0.052602938322554915,-0.022636568444113436,-0.04115900651629456
2019-09-30,0.020284255972263354,0.014096475720537072,0.015005123052304725,0.026215390065623234,0.011571951796434998
2019-10-31,-0.010338060203773813,0.03033392385428102,0.03542707156173619,0.04221482726902326,0.050228129740935046
2019-11-30,0.03628666153051974,0.019739883534960256,0.02412671059405813,-0.004790352582654367,-0.01680814614929227
2019-12-31,-0.0015626554406760196,0.04092904009654408,0.039725590595383276,0.04183828232604725,0.08973322408858819
2020-01-31,0.020344592427278485,0.010733684030153734,-0.02022946697159078,-0.017398437800039135,-0.05105414243362372
2020-02-29,-0.05451834747037543,-0.02262726692745609,-0.03248906328177392,-0.021021285709102,0.0213223282676398
2020-03-31,-0.1564542817266652,-0.14365938442099846,-0.23162900555212318,-0.15950718870689895,-0.1757831151136281
2020-04-30,0.09297824686118261,0.11686258976870545,0.12825236287209396,0.0486712638833211,0.06390119446538689
2020-05-31,0.028404890891084333,0.04055146865973058,0.058702361561397964,0.04713056910854729,0.022776522631268392
2020-06-30,0.023913217576917667,-0.0004340715820663199,0.015835029463266537,0.016632808682887967,0.047017776201847994
2020-07-31,0.04118891460992491,0.03264242629602654,0.0036802894808178888,-0.00588444778468733,0.05568501476452625
2020-08-31,0.022324934920044726,0.09461890169468123,0.07923740113046418,0.07151825491801089,0.05274801229697568
2020-09-30,-0.020095984704432746,-0.042370112311927444,-0.03756456055298352,-0.025481108600317826,-0.015169747450027526
2020-10-31,-0.034864854305030946,-0.04929677131516175,-0.0035058545173329847,-0.05960582584331808,-0.011275671050039904
2020-11-30,0.10625045975878589,0.08897147984184128,0.16132068406802813,0.12228302515652212,0.07044453499069236
2020-12-31,0.009291816782830642,0.03910585330973082,0.0886205107220348,0.05223795605148385,0.07342020699139185
2021-01-31,-0.001918214129124518,-0.013080210057705655,0.045393422956606644,-0.010709371305094972,0.028727729374915967
2021-02-28,0.043820769402283855,0.018293026490751485,0.052196401591868336,0.01291637300038384,-0.0014499464817050445
2021-03-31,0.04560643649784657,0.016855535921455056,-0.01373471511854929,-0.0028584342669782936,-0.03436445507775543
2021-04-30,0.023049771970540478,0.035893921234692705,0.0014278250749673038,0.012885407462931653,-0.004356529065607795
2021-05-31,0.03773694116876092,0.03310147654604001,0.02914635575472846,0.06210328468158699,0.043284586709173345
2021-06-30,0.026563670439178733,0.02564420725946337,0.021894828977178094,-0.007667936330512992,0.012680021891144255
2021-07-31,0.00851625827828495,0.03872189260327841,-0.022811703952317797,0.021809731000573596,-0.05130067365144908
2021-08-31,0.01277994844115038,0.04159383032803077,0.03377636722580668,0.02612535922571424,0.02737005063343334
2021-09-30,-0.01936736278672646,-0.07409981215521055,-0.056811320719201475,-0.06051207597027575,-0.06645459043414481
2021-10-31,0.05464131655051885,0.10057659372282557,0.07214168595555681,0.061113400028387055,0.03944242579405732
2021-11-30,-0.0099889445123571,-0.007536267884742376,-0.0428430529534376,-0.044867465958008834,-0.04036646048904535
2021-12-31,0.03139865737548675,0.04745451114141841,0.023894339728980585,0.04511344409188123,0.01624134757579543
2022-01-31,-0.002460253409732882,-0.0530306996588199,-0.09562368404388266,-0.03664448866765058,-0.0005101452652679361
2022-02-28,-0.0006504583344626447,-0.05028093902280617,-0.01128026942992999,-0.054953282777769896,-0.06367319774630231
2022-03-31,0.03942887289119512,0.0595437848481446,0.03297812356654739,0.0264576080522978,-0.013368659650231707
2022-04-30,-0.05017925450609095,-0.09429612382445496,-0.10543835919058042,-0.07406402347952046,-0.06806706717412281
2022-05-31,0.001160220277170998,0.020322275176752225,0.02000569170790456,0.038343276997066855,0.024269753062677868
2022-06-30,-0.0822524656396657,-0.08998123287924997,-0.09117432681460758,-0.09514457148979005,-0.059350547215412
2022-07-31,0.038607436498999004,0.11873649970173572,0.1326124247951419,0.07735137035705719,0.020825428194453766
2022-08-31,-0.016518814363155276,0.0020668641424366196,0.023770804540552026,-0.019210069561555798,0.03083616698714775
2022-09-30,-0.03842238411346299,-0.09685265565647794,-0.10099107836551968,-0.09662834395172626,-0.11968955954566574
2022-10-31,0.05587011377855888,0.07932852036462479,0.10962841549831603,0.05701155432147509,-0.021547146133255368
2022-11-30,0.05496361641999803,0.054224026019489946,0.020712577944713484,0.13021473166503328,0.1543959769504224
2022-12-31,-0.05342294846527196,-0.0702850959279625,-0.0776970004340396,-0.03131607585608065,-0.039451409548915684
2023-01-31,0.07401145685296329,0.07799258508711149,0.11379393451438968,0.10552747157611231,0.1068015333759087
2023-02-28,-0.026489909915945686,-0.028884638781345395,-0.021006157441511353,-0.03446816170626499,-0.0792248413598452
2023-03-31,-0.00521513433619003,0.04690249653448708,-0.03945878088554999,0.04106055771300121,0.041952055761594664
2023-04-30,0.035714293111708484,0.012231086134181668,-0.0215563168141526,0.025569196681750395,-0.01201701006452427
2023-05-31,-0.05315334461073762,-0.021216053867873952,-0.03366591447884704,-0.06475410367969658,-0.049118621309174215
2023-06-30,0.03537732694158513,0.06488002787101577,0.08075478751409793,0.04477943270770379,0.04406751734112868
2023-07-31,0.02147717088415657,0.0548907359970181,0.08385394620481379,0.049069436353780915,0.08316562819465423
2023-08-31,-0.014271270773105305,-0.012421747560091068,-0.047132289904403546,-0.03560964546085099,-0.06263391208773594
2023-09-30,-0.03225798173434824,-0.030567830726233813,-0.04186576875836234,-0.019427530311631025,-0.013991129418851278
2023-10-31,-0.03164992535250133,-0.038573884864953056,-0.08518865505371809,-0.04575841042651707,-0.04960974982203281
2023-11-30,0.07864872589391214,0.06490768684566772,0.06557269109845176,0.05597347421979415,0.051818328225284205
2023-12-31,0.04062402854225944,0.05674990233402433,0.13315855740244964,0.06468770113135625,0.046641517923475595
2024-01-31,0.004996759415751173,0.029253234074307688,-0.026405717638703696,0.008546159865502334,-0.03273840423957419
2024-02-29,0.01909826696829464,0.049203098848310534,0.0532575325023521,0.026942538984261244,0.038723584165934355
2024-03-31,0.03718490488402493,0.042442470238020835,0.044630438258913996,0.04353713946934756,0.036946031784926836
2024-04-30,-0.02162955108709219,-0.03915397217309691,-0.06734204710323954,-0.031256617649445206,-0.0009788089110553955
2024-05-31,0.026266243357271568,0.05124773476820499,0.05105071591513455,0.05126982192003182,0.020165069026480742
2024-06-30,-0.01754394096260803,0.04719663188663259,0.00013728949388358558,-0.006967208268560232,0.03799200201248354
2024-07-31,0.06022991790274301,-0.014023787598418047,0.07486745709463216,-0.0005735641136571656,-0.01758576858220029
2024-08-31,0.015598681429125127,0.024639938508775217,-0.015661437840897685,0.03388905634736239,0.011036074701297416
2024-09-30,0.030586305517786627,0.05117616313239104,0.036866493802244715,0.03761577497300639,0.0886607059916964
2024-10-31,0.007694340313093795,-0.0013699059950028625,-0.006656504076475556,-0.045512575359079044,-0.023358523867609615
2024-11-30,0.06636369473947434,0.08502419738791911,0.13733304174146954,0.02073034993561995,-0.0034513989279467694
2024-12-31,-0.03378040312837538,-0.01432108167196422,-0.07459535384516103,-0.019816868004511767,-0.00715693621778235
2025-01-31,0.041900477830378424,0.02334925440162805,0.021481009388483407,0.04443009716440449,0.018031825233663312
2025-02-28,-0.004394853076351235,-0.021882131260963167,-0.06105336203709233,0.019950576708369194,0.0020581014103386863
2025-03-31,-0.018657870216961192,-0.08754673204201768,-0.09993662077338739,-0.031929106874290625,-0.02274791704904633
2025-04-30,-0.0007921309283143163,-0.01496511027547065,-0.029411695178639397,0.03036628224400184,-0.004985757252391587
2025-05-31,0.05194421453297915,0.05838892598112988,0.04798443409642528,0.043512208857019896,0.035858227767557205
2025-06-30,0.0222615031350184,0.062436945257501986,0.06627484996833943,0.0347247000756985,0.08126691646629314
2025-07-31,0.017075041352142106,0.01687478471595405,0.010564650771015538,-0.02681173680668536,0.0005756085164674296
2025-08-31,0.04726221147273768,0.033456166231168316,0.08551498115228506,0.058496933309202026,0.03978688664390706
2025-09-30,0.04700673693458057,0.040450205534981576,0.03660293514646584,0.025420257085198017,0.07599351366080587
2025-10-31,0.00826432230421048,0.023903226548515955,0.01771304593193146,0.012060456743235415,0.035647168324951295
2025-11-30,0.035498061969419625,-0.01863788772744579,-0.010523749752930245,-0.013291869123451483,-0.037905325932972245
2025-12-31,0.0120611986794259,-0.004515343696948171,-0.012364528413591369,0.021652190835650842,0.01616987777511203
2026-01-31,-0.001915338459110072,0.018745519210931372,0.05896754831996809,0.0531904008844597,0.0845076737340511
2026-02-28,0.0658902264127359,0.00966168594093375,0.025366856737988552,0.06537280864772388,0.0784337363514731
2026-03-31,-0.03138192610218682,-0.06692000886994964,-0.06714732554915837,-0.09529519435913547,-0.10926605844007342
2026-04-30,0.042367488696005706,0.11529375115312512,0.13123432809066737,0.06319631108326962,0.13722544277296422
2026-05-31,0.018828157629493525,0.08398025249614816,0.07594705612583841,0.05474669079850503,0.10397531723935716
2026-06-30,0.018678732362985784,-0.024070082753225308,0.022525463379753363,-0.0071100759375094524,-0.011540645151897677
2026-07-31,0.01833616072618116,-0.007655279031732465,-0.03854160677137819,0.00823343128426579,-0.07064424813335379
2026-08-31,0.02221273469456575,0.04199552637730686,0.024313228963748434,0.03277331372926673,0.0611931065431941
