target,mu,vol,w_Canada,w_US Large Cap,w_US Small Cap,w_Dev ex-NA,w_Emerging
0.107723,0.107723,0.126794,0.888550,0.111450,0.000000,0.000000,0.000000
0.108015,0.108015,0.126809,0.873490,0.126510,0.000000,0.000000,0.000000
0.108306,0.108306,0.126851,0.858430,0.141570,0.000000,0.000000,0.000000
0.108598,0.108598,0.126922,0.843369,0.156631,0.000000,0.000000,0.000000
0.108890,0.108890,0.127021,0.828309,0.171691,0.000000,0.000000,0.000000
0.109181,0.109181,0.127149,0.813249,0.186751,0.000000,0.000000,0.000000
0.109473,0.109473,0.127304,0.798189,0.201811,0.000000,0.000000,0.000000
0.109764,0.109764,0.127488,0.783129,0.216871,0.000000,0.000000,0.000000
0.110056,0.110056,0.127699,0.768069,0.231931,0.000000,0.000000,0.000000
0.110348,0.110348,0.127938,0.753008,0.246992,0.000000,0.000000,0.000000
0.110639,0.110639,0.128205,0.737948,0.262052,0.000000,0.000000,0.000000
0.110931,0.110931,0.128500,0.722888,0.277112,0.000000,0.000000,0.000000
0.111223,0.111223,0.128821,0.707828,0.292172,0.000000,0.000000,0.000000
0.111514,0.111514,0.129170,0.692768,0.307232,0.000000,0.000000,0.000000
0.111806,0.111806,0.129545,0.677708,0.322292,0.000000,0.000000,0.000000
0.112098,0.112098,0.129948,0.662647,0.337353,0.000000,0.000000,0.000000
0.112389,0.112389,0.130376,0.647587,0.352413,0.000000,0.000000,0.000000
0.112681,0.112681,0.130831,0.632527,0.367473,0.000000,0.000000,0.000000
0.112972,0.112972,0.131311,0.617467,0.382533,0.000000,0.000000,0.000000
0.113264,0.113264,0.131817,0.602407,0.397593,0.000000,0.000000,0.000000
0.113556,0.113556,0.132348,0.587347,0.412653,0.000000,0.000000,0.000000
0.113847,0.113847,0.132904,0.572286,0.427714,0.000000,0.000000,0.000000
0.114139,0.114139,0.133485,0.557226,0.442774,0.000000,0.000000,0.000000
0.114431,0.114431,0.134090,0.542166,0.457834,0.000000,0.000000,0.000000
0.114722,0.114722,0.134719,0.527106,0.472894,0.000000,0.000000,0.000000
0.115014,0.115014,0.135372,0.512046,0.487954,0.000000,0.000000,0.000000
0.115306,0.115306,0.136048,0.496986,0.503014,0.000000,0.000000,0.000000
0.115597,0.115597,0.136747,0.481925,0.518075,0.000000,0.000000,0.000000
0.115889,0.115889,0.137469,0.466865,0.533135,0.000000,0.000000,0.000000
0.116180,0.116180,0.138213,0.451805,0.548195,0.000000,0.000000,0.000000
0.116472,0.116472,0.138978,0.436745,0.563255,0.000000,0.000000,0.000000
0.116764,0.116764,0.139766,0.421685,0.578315,0.000000,0.000000,0.000000
0.117055,0.117055,0.140574,0.406625,0.593375,0.000000,0.000000,0.000000
0.117347,0.117347,0.141404,0.391564,0.608436,0.000000,0.000000,0.000000
0.117639,0.117639,0.142254,0.376504,0.623496,0.000000,0.000000,0.000000
0.117930,0.117930,0.143124,0.361444,0.638556,0.000000,0.000000,0.000000
0.118222,0.118222,0.144013,0.346384,0.653616,0.000000,0.000000,0.000000
0.118514,0.118514,0.144922,0.331324,0.668676,0.000000,0.000000,0.000000
0.118805,0.118805,0.145850,0.316264,0.683736,0.000000,0.000000,0.000000
0.119097,0.119097,0.146797,0.301203,0.698797,0.000000,0.000000,0.000000
0.119388,0.119388,0.147762,0.286143,0.713857,0.000000,0.000000,0.000000
0.119680,0.119680,0.148745,0.271083,0.728917,0.000000,0.000000,0.000000
0.119972,0.119972,0.149745,0.256023,0.743977,0.000000,0.000000,0.000000
0.120263,0.120263,0.150763,0.240963,0.759037,0.000000,0.000000,0.000000
0.120555,0.120555,0.151798,0.225903,0.774097,0.000000,0.000000,0.000000
0.120847,0.120847,0.152849,0.210842,0.789158,0.000000,0.000000,0.000000
0.121138,0.121138,0.153916,0.195782,0.804218,0.000000,0.000000,0.000000
0.121430,0.121430,0.154999,0.180722,0.819278,0.000000,0.000000,0.000000
0.121721,0.121721,0.156098,0.165662,0.834338,0.000000,0.000000,0.000000
0.122013,0.122013,0.157212,0.150602,0.849398,0.000000,0.000000,0.000000
0.122305,0.122305,0.158341,0.135542,0.864458,0.000000,0.000000,0.000000
0.122596,0.122596,0.159484,0.120481,0.879519,0.000000,0.000000,0.000000
0.122888,0.122888,0.160642,0.105421,0.894579,0.000000,0.000000,0.000000
0.123180,0.123180,0.161814,0.090361,0.909639,0.000000,0.000000,0.000000
0.123471,0.123471,0.162999,0.075301,0.924699,0.000000,0.000000,0.000000
0.123763,0.123763,0.164197,0.060241,0.939759,0.000000,0.000000,0.000000
0.124055,0.124055,0.165409,0.045181,0.954819,0.000000,0.000000,0.000000
0.124346,0.124346,0.166634,0.030120,0.969880,0.000000,0.000000,0.000000
0.124638,0.124638,0.167871,0.015060,0.984940,0.000000,0.000000,0.000000
0.124929,0.124929,0.169120,0.000000,1.000000,0.000000,0.000000,0.000000
